name,account,id
鈴木宗男,official_s_mune,1145916678154227713
音喜多駿,otokita,75239976
松沢しげふみ,matsuzawastaff,1536272070853939201
浅田均,asalogue,76031812
東とおる,toru_azuma,136122182
梅村みずほ,mizuho_ishin,1142376142030041089
高木かおり,takagi_kaori_,739404374854631425
片山大介,d_katayama1006,412247742
清水貴之,CoTakayuki,552605944
青島健太,AoshimaKenta4,1517820888246194177
石井あきら,ishiiakiraishin,1456093548
石井苗子,ishii_ishin,738769442016919554
猪瀬直樹,,NA
梅村さとし,umemura_ishin,1145216318045470720
金子道仁,,NA
くしだ誠一,KushidaOf,1081027874956562432
柴田巧,,NA
中条きよし,nakajyo0304,1516242926111653891
松野明美,akemi1212333,1476830712322215942
むろい邦彦,StairsMuroi,838821208762138624
やながせ裕文,yanagase_ootaku,126533936
